"","job","firm","functional_area","type","link"
"1","Data Scientist","Digital Power","Data Science","Job","https://www.consultancy.uk/jobs/39317/digital-power/data-scientist"
"2","Healthcare consultant","Develop Consulting","Lean & SixSigma","Job","https://www.consultancy.uk/jobs/35181/develop-consulting/healthcare-consultant"
"3","Internships","Simon-Kucher","Pricing","Internship","https://www.consultancy.uk/internships/277/simon-kucher-partners/internships"
"4","Senior Analyst","CIL Management Consultants","Strategy","Job","https://www.consultancy.uk/jobs/35933/cil-management-consultants/senior-analyst"
"5","Senior Consultant | Energy & Natural Resources | Strategic Communications","FTI Consulting","Unknown","Job","https://www.consultancy.uk/jobs/35830/fti-consulting/senior-consultant-energy-natural-resources-strategic-communications"
"6","Analyst","Enfuse Group","Digital","Job","https://www.consultancy.uk/jobs/39817/enfuse-group/analyst"
"7","Associate Consultant","Bain & Company","Strategy","Job","https://www.consultancy.uk/jobs/26246/bain-company/associate-consultant"
"8","Principal Consultants","Q5","Strategy","Job","https://www.consultancy.uk/jobs/39296/q5/principal-consultants"
"9","Senior Infrastructure & Cloud Services Advisor","West Monroe","Cloud","Job","https://www.consultancy.uk/jobs/37975/west-monroe/senior-infrastructure-cloud-services-advisor"
"10","Business Analyst","Humatica","Data Science","Job","https://www.consultancy.uk/jobs/37963/humatica/business-analyst"
"11","Data Engineer","Valcon","Data Science","Job","https://www.consultancy.uk/jobs/35951/valcon/data-engineer"
"12","Management Consultants","Collinson Grant","Process Management","Job","https://www.consultancy.uk/jobs/35827/collinson-grant/management-consultants"
"13","Senior Business Development Manager","Ayming","Sales","Job","https://www.consultancy.uk/jobs/27657/ayming/senior-business-development-manager"
"14","Senior Strategist","The Upside","Strategy","Job","https://www.consultancy.uk/jobs/35875/the-upside/senior-strategist"
"15","Analyst, satellite and space markets","Analysys Mason","Strategy","Job","https://www.consultancy.uk/jobs/40424/analysys-mason/analyst-satellite-and-space-markets"
"16","Sourcing & Commercial Role","Coeus Consulting","Project Management","Job","https://www.consultancy.uk/jobs/30226/coeus-consulting/sourcing-commercial-role"
"17","Strategy& - Strategy Senior Associate","PwC","Strategy","Job","https://www.consultancy.uk/jobs/40308/pwc/strategy-strategy-senior-associate"
"18","Director - Supply Chain Strategy & Transformation","Capgemini Invent","Strategy","Job","https://www.consultancy.uk/jobs/39293/capgemini-invent/director-supply-chain-strategy-transformation"
"19","PH-4804; Test Automation Manager, Python / Azure","B2E Consulting","Unknown","Job","https://www.consultancy.uk/jobs/29268/b2e-consulting/ph-4804-test-automation-manager-python-azure"
"20","M&A Managing Partner UK","Marktlink","Unknown","Job","https://www.consultancy.uk/jobs/40290/marktlink/ma-managing-partner-uk"
"21","Associate","McKinsey & Company","Strategy","Job","https://www.consultancy.uk/jobs/26234/mckinsey-company/associate"
"22","PMO Lead","ThreeTwoFour","Project Management","Job","https://www.consultancy.uk/jobs/30109/threetwofour/pmo-lead"
"23","Consultant Treasury Technology","Zanders","Corporate Finance","Job","https://www.consultancy.uk/jobs/34533/zanders/consultant-treasury-technology"
"24","AWS Principal Architect","PA Consulting","Unknown","Job","https://www.consultancy.uk/jobs/38626/pa-consulting/aws-principal-architect"
"25","Consultants and Senior Consultants","Procura Consulting","Project Management","Job","https://www.consultancy.uk/jobs/35521/procura-consulting/consultants-and-senior-consultants"
"26","Intermediate Quantity Surveyor","Panoptic Consultancy Group","Project Management","Job","https://www.consultancy.uk/jobs/33696/panoptic-consultancy-group/intermediate-quantity-surveyor"
"27","HR Manager","BearingPoint","Human Resources","Job","https://www.consultancy.uk/jobs/30520/bearingpoint/hr-manager"
"28","Manager - Technology","First Consulting","Mobile & Apps","Job","https://www.consultancy.uk/jobs/29610/first-consulting/manager-technology"
"29","Independent Consultant","dss+","Sustainability","Job","https://www.consultancy.uk/jobs/29556/dss/independent-consultant"
"30","Business Development Manager UK","COMATCH","Sales","Job","https://www.consultancy.uk/jobs/34521/comatch/business-development-manager-uk"
"31","Senior 3D/Motion Designer","Yonder Consulting","Marketing","Job","https://www.consultancy.uk/jobs/37414/yonder-consulting/senior-3dmotion-designer"
"32","Internship / Work Placement","Skarbek Associates","Marketing","Internship","https://www.consultancy.uk/internships/2388/skarbek-associates/internship-work-placement"
"33","Experienced Hire","Fairgrove Partners","Strategy","Job","https://www.consultancy.uk/jobs/30874/fairgrove-partners/experienced-hire"
"34","Senior Consultant - Local Government Strategy","Campbell Tickell","Strategy","Job","https://www.consultancy.uk/jobs/37966/campbell-tickell/senior-consultant-local-government-strategy"
"35","","Alvarez & Marsal","Management","Job","https://www.consultancy.uk/jobs/35518/alvarez-marsal/"
"36","Analyst","Change Management Group","Process Management","Job","https://www.consultancy.uk/jobs/37358/change-management-group/analyst"
"37","Consultant Roles (at all levels) – IT Advisory","Mason Advisory","Digital","Job","https://www.consultancy.uk/jobs/35824/mason-advisory/consultant-roles-at-all-levels-it-advisory"
"38","Director Client Services - Life Sciences","Genioo","Strategy","Job","https://www.consultancy.uk/jobs/33657/genioo/director-client-services-life-sciences"
"39","Associate Director","Yonder Consulting","Project Management","Job","https://www.consultancy.uk/jobs/37417/yonder-consulting/associate-director"
"40","GCP Cloud Engineer","PA Consulting","Cloud","Job","https://www.consultancy.uk/jobs/38656/pa-consulting/gcp-cloud-engineer"
"41","Experienced Consultant, Mergers & Acquisitions","West Monroe","Mergers & Acquisitions","Job","https://www.consultancy.uk/jobs/37978/west-monroe/experienced-consultant-mergers-acquisitions"
"42","Operational Technology Cyber Security Expert | Senior Manager | Dublin or Cork","PwC","IT Strategy","Job","https://www.consultancy.uk/jobs/40212/pwc/operational-technology-cyber-security-expert-senior-manager-dublin-or-cork"
"43","Marketing Executive/Manager","Panoptic Consultancy Group","Marketing","Job","https://www.consultancy.uk/jobs/33690/panoptic-consultancy-group/marketing-executivemanager"
"44","Director, Business Intelligence | Forensic & Litigation Consulting","FTI Consulting","Forensic & Litigation","Job","https://www.consultancy.uk/jobs/35809/fti-consulting/director-business-intelligence-forensic-litigation-consulting"
"45","Consultant","Bain & Company","Strategy","Job","https://www.consultancy.uk/jobs/26249/bain-company/consultant"
"46","Consulting Roles","Q5","Strategy","Job","https://www.consultancy.uk/jobs/29478/q5/consulting-roles"
"47","Associate Consultant","Analysys Mason","Digital","Job","https://www.consultancy.uk/jobs/40421/analysys-mason/associate-consultant"
"48","Principal consultant","Change Management Group","Strategy","Job","https://www.consultancy.uk/jobs/37352/change-management-group/principal-consultant"
"49","Manufacturing and construction consultant","Develop Consulting","Lean & SixSigma","Job","https://www.consultancy.uk/jobs/35184/develop-consulting/manufacturing-and-construction-consultant"
"50","Consultant Business & Technology","First Consulting","Digital","Job","https://www.consultancy.uk/jobs/29613/first-consulting/consultant-business-technology"
"51","PH-4779; German Speaking PMO Consultant","B2E Consulting","Unknown","Job","https://www.consultancy.uk/jobs/28865/b2e-consulting/ph-4779-german-speaking-pmo-consultant"
"52","Business Development Manager – R&D Incentives","Ayming","Sales","Job","https://www.consultancy.uk/jobs/27666/ayming/business-development-manager-rd-incentives"
"53","Senior Manager Treasury Technology","Zanders","Corporate Finance","Job","https://www.consultancy.uk/jobs/34530/zanders/senior-manager-treasury-technology"
"54","Manager","CIL Management Consultants","Strategy","Job","https://www.consultancy.uk/jobs/28751/cil-management-consultants/manager"
"55","Manager and Senior Manager","Procura Consulting","Project Management","Job","https://www.consultancy.uk/jobs/35524/procura-consulting/manager-and-senior-manager"
"56","Technology and Architecture Roles","Coeus Consulting","Digital","Job","https://www.consultancy.uk/jobs/30223/coeus-consulting/technology-and-architecture-roles"
"57","Marketing Assistant","ThreeTwoFour","Marketing","Job","https://www.consultancy.uk/jobs/29625/threetwofour/marketing-assistant"
"58","Art Director","Capgemini Invent","Unknown","Job","https://www.consultancy.uk/jobs/40484/capgemini-invent/art-director"
"59","Principal Strategist","The Upside","Strategy","Job","https://www.consultancy.uk/jobs/35872/the-upside/principal-strategist"
"60","Business Analyst","McKinsey & Company","Strategy","Job","https://www.consultancy.uk/jobs/26231/mckinsey-company/business-analyst"
"61","Consultant","Enfuse Group","Digital","Job","https://www.consultancy.uk/jobs/37984/enfuse-group/consultant"
"62","Supply Chain Operations Analyst","BearingPoint","Supply Chain","Job","https://www.consultancy.uk/jobs/30511/bearingpoint/supply-chain-operations-analyst"
"63","Consultant Data Governance & Data Quality","Valcon","Data Science","Job","https://www.consultancy.uk/jobs/35954/valcon/consultant-data-governance-data-quality"
"64","Internship Business Development UK","COMATCH","Sales","Internship","https://www.consultancy.uk/internships/612/comatch/internship-business-development-uk"
"65","Marketing Executive","Genioo","Marketing","Job","https://www.consultancy.uk/jobs/33672/genioo/marketing-executive"
"66","Independent Consultants","Fairgrove Partners","Strategy","Job","https://www.consultancy.uk/jobs/30877/fairgrove-partners/independent-consultants"
"67","Customer Experience Specialist","Digital Power","CRM","Job","https://www.consultancy.uk/jobs/39314/digital-power/customer-experience-specialist"
"68","Supply Chain Operations Consultant","BearingPoint","Supply Chain","Job","https://www.consultancy.uk/jobs/30514/bearingpoint/supply-chain-operations-consultant"
"69","Cyber | Incident Response - Senior Manager","PwC","Cyber Security","Job","https://www.consultancy.uk/jobs/40044/pwc/cyber-incident-response-senior-manager"
"70","Contracts Manager","Panoptic Consultancy Group","Project Management","Job","https://www.consultancy.uk/jobs/33693/panoptic-consultancy-group/contracts-manager"
"71","Programme Director - Energy & Utilities","Capgemini Invent","Management","Job","https://www.consultancy.uk/jobs/37933/capgemini-invent/programme-director-energy-utilities"
"72","RE-4803; Procurement Consultant with SC Clearance","B2E Consulting","Procurement","Job","https://www.consultancy.uk/jobs/29244/b2e-consulting/re-4803-procurement-consultant-with-sc-clearance"
"73","Networks Consultant","PA Consulting","Unknown","Job","https://www.consultancy.uk/jobs/38590/pa-consulting/networks-consultant"
"74","Project Manager - Life Sciences","Genioo","Project Management","Job","https://www.consultancy.uk/jobs/33663/genioo/project-manager-life-sciences"
"75","Junior Talent Acquisition Specialist","Zanders","Recruitment","Job","https://www.consultancy.uk/jobs/34524/zanders/junior-talent-acquisition-specialist"
"76","Lean consultant","Develop Consulting","Lean & SixSigma","Job","https://www.consultancy.uk/jobs/35187/develop-consulting/lean-consultant"
"77","Strategy Director","The Upside","Strategy","Job","https://www.consultancy.uk/jobs/35869/the-upside/strategy-director"
"78","Managing Director, Mergers & Acquisitions","West Monroe","Mergers & Acquisitions","Job","https://www.consultancy.uk/jobs/37972/west-monroe/managing-director-mergers-acquisitions"
"79","Consultant, Business Intelligence | Forensic & Litigation Consulting","FTI Consulting","Forensic & Litigation","Job","https://www.consultancy.uk/jobs/35806/fti-consulting/consultant-business-intelligence-forensic-litigation-consulting"
"80","Consultant","Change Management Group","Strategy","Job","https://www.consultancy.uk/jobs/37355/change-management-group/consultant"
"81","Senior Consultant","Enfuse Group","Digital","Job","https://www.consultancy.uk/jobs/37987/enfuse-group/senior-consultant"
"82","Cyber Security Consultant - Manager","ThreeTwoFour","Project Management","Job","https://www.consultancy.uk/jobs/29499/threetwofour/cyber-security-consultant-manager"
"83","Senior Data Principal","Valcon","Project Management","Job","https://www.consultancy.uk/jobs/35957/valcon/senior-data-principal"
"84","Junior Associate","McKinsey & Company","Strategy","Job","https://www.consultancy.uk/jobs/26228/mckinsey-company/junior-associate"
"85","Consultant: Operations Performance","Ayming","Procurement","Job","https://www.consultancy.uk/jobs/27660/ayming/consultant-operations-performance"
"86","Generalist role","Coeus Consulting","Strategy","Job","https://www.consultancy.uk/jobs/30229/coeus-consulting/generalist-role"
"87","Senior Statistical / Data Analyst","Yonder Consulting","Data Science","Job","https://www.consultancy.uk/jobs/37411/yonder-consulting/senior-statistical-data-analyst"
"88","Data Analyst","Digital Power","Data Science","Job","https://www.consultancy.uk/jobs/39311/digital-power/data-analyst"
"89","Innovation Consultants: All levels","Ayming","Finance","Job","https://www.consultancy.uk/jobs/27669/ayming/innovation-consultants-all-levels"
"90","Transactions Tax, Senior Consultant","FTI Consulting","Management","Job","https://www.consultancy.uk/jobs/35788/fti-consulting/transactions-tax-senior-consultant"
"91","Cyber Security Consultant","BearingPoint","Cyber Security","Job","https://www.consultancy.uk/jobs/30517/bearingpoint/cyber-security-consultant"
"92","Technical Web Analyst","Digital Power","Digital","Job","https://www.consultancy.uk/jobs/39308/digital-power/technical-web-analyst"
"93","Managing Consultant - Networks/Telecoms","PA Consulting","Unknown","Job","https://www.consultancy.uk/jobs/38596/pa-consulting/managing-consultant-networkstelecoms"
"94","Deals | Forensic Accounting - Senior Manager","PwC","Forensic & Litigation","Job","https://www.consultancy.uk/jobs/40125/pwc/deals-forensic-accounting-senior-manager"
"95","Director, Research Practice","Yonder Consulting","Strategy","Job","https://www.consultancy.uk/jobs/37408/yonder-consulting/director-research-practice"
"96","Senior Consultant Treasury Technology","Zanders","Corporate Finance","Job","https://www.consultancy.uk/jobs/34527/zanders/senior-consultant-treasury-technology"
"97","Salesforce System Administrator","Genioo","Data Science","Job","https://www.consultancy.uk/jobs/33669/genioo/salesforce-system-administrator"
"98","PH-4762; Senior Project Manager - Sales Expansion, EMEA","B2E Consulting","Sales","Job","https://www.consultancy.uk/jobs/28718/b2e-consulting/ph-4762-senior-project-manager-sales-expansion-emea"
"99","Senior Consultant, Mergers & Acquisitions","West Monroe","Mergers & Acquisitions","Job","https://www.consultancy.uk/jobs/37969/west-monroe/senior-consultant-mergers-acquisitions"
"100","Director - ER&D Strategy & Transformation (Discrete/ Process industries)","Capgemini Invent","Strategy","Job","https://www.consultancy.uk/jobs/40326/capgemini-invent/director-erd-strategy-transformation-discrete-process-industries"
"101","Senior Consultant - Cyber Security","ThreeTwoFour","Cyber Security","Job","https://www.consultancy.uk/jobs/29502/threetwofour/senior-consultant-cyber-security"
"102","Business Analytics Engineer","Valcon","Data Science","Job","https://www.consultancy.uk/jobs/35945/valcon/business-analytics-engineer"
"103","Accounts Receivable Specialist","Yonder Consulting","Finance","Job","https://www.consultancy.uk/jobs/37396/yonder-consulting/accounts-receivable-specialist"
"104","Management Consultants: All levels","Ayming","Change Management","Job","https://www.consultancy.uk/jobs/27672/ayming/management-consultants-all-levels"
"105","Cyber Security Analyst","ThreeTwoFour","Risk & Compliance","Job","https://www.consultancy.uk/jobs/29424/threetwofour/cyber-security-analyst"
"106","Business & Technology Consultant","Valcon","Process Management","Job","https://www.consultancy.uk/jobs/35948/valcon/business-technology-consultant"
"107","Senior Project Manager - Life Sciences","Genioo","Project Management","Job","https://www.consultancy.uk/jobs/33666/genioo/senior-project-manager-life-sciences"
"108","Data Engineer","Digital Power","Data Science","Job","https://www.consultancy.uk/jobs/39305/digital-power/data-engineer"
"109","Wireless Technology Intellectual Property (IP) Specialist","PA Consulting","Property Management","Job","https://www.consultancy.uk/jobs/38578/pa-consulting/wireless-technology-intellectual-property-ip-specialist"
"110","MM-4797; Data Analyst, S&P","B2E Consulting","Data Science","Job","https://www.consultancy.uk/jobs/29169/b2e-consulting/mm-4797-data-analyst-sp"
"111","Director - Energy Transition","Capgemini Invent","Unknown","Job","https://www.consultancy.uk/jobs/40227/capgemini-invent/director-energy-transition"
"112","Manager | Portfolio & Programme Management | Advisory | Dublin/Cork","PwC","Management","Job","https://www.consultancy.uk/jobs/39853/pwc/manager-portfolio-programme-management-advisory-dublincork"
"113","Tax Depreciation, Senior Consultant","FTI Consulting","Finance","Job","https://www.consultancy.uk/jobs/35785/fti-consulting/tax-depreciation-senior-consultant"
"114","Senior Python Specialist","Valcon","Software","Job","https://www.consultancy.uk/jobs/35963/valcon/senior-python-specialist"
"115","Business Development Director","Yonder Consulting","Sales","Job","https://www.consultancy.uk/jobs/37399/yonder-consulting/business-development-director"
"116","Vice President Client Services - Life Sciences","Genioo","Strategy","Job","https://www.consultancy.uk/jobs/33660/genioo/vice-president-client-services-life-sciences"
"117","GCP Cloud Engineer","PA Consulting","Cloud","Job","https://www.consultancy.uk/jobs/38416/pa-consulting/gcp-cloud-engineer"
"118","Cyber Security Consultant | Cyber Consulting | Dublin or Cork","PwC","Cyber Security","Job","https://www.consultancy.uk/jobs/39694/pwc/cyber-security-consultant-cyber-consulting-dublin-or-cork"
"119","MM-4810; Senior Professional Services / Consultancy Procurement Manager","B2E Consulting","Procurement","Job","https://www.consultancy.uk/jobs/29316/b2e-consulting/mm-4810-senior-professional-services-consultancy-procurement-manager"
"120","Consultant- Programme and Change Acceleration","Capgemini Invent","Change Management","Job","https://www.consultancy.uk/jobs/37717/capgemini-invent/consultant-programme-and-change-acceleration"
"121","Identitiy & Access Management Project Manager","ThreeTwoFour","Project Management","Job","https://www.consultancy.uk/jobs/29427/threetwofour/identitiy-access-management-project-manager"
"122","Transactions Tax, Senior Director","FTI Consulting","Unknown","Job","https://www.consultancy.uk/jobs/35782/fti-consulting/transactions-tax-senior-director"
"123","Consultant - Valuations, Disputes and Arbitration | Economic and Financial Consulting","FTI Consulting","Unknown","Job","https://www.consultancy.uk/jobs/35722/fti-consulting/consultant-valuations-disputes-and-arbitration-economic-and-financial-consulting"
"124","PH-4808; Platform Engineer - AWS & Terraform","B2E Consulting","Unknown","Job","https://www.consultancy.uk/jobs/29310/b2e-consulting/ph-4808-platform-engineer-aws-terraform"
"125","Associate Director, Research Practice","Yonder Consulting","Strategy","Job","https://www.consultancy.uk/jobs/37402/yonder-consulting/associate-director-research-practice"
"126","Manager/Senior Manager - Energy & Utilities - Programme Management & Project Controls","Capgemini Invent","Management","Job","https://www.consultancy.uk/jobs/39907/capgemini-invent/managersenior-manager-energy-utilities-programme-management-project-controls"
"127","Consultant Business & Technology","Valcon","Process Management","Job","https://www.consultancy.uk/jobs/35966/valcon/consultant-business-technology"
"128","Senior Manager | Operational Excellence | Advisory | Dublin/Cork","PwC","Unknown","Job","https://www.consultancy.uk/jobs/39517/pwc/senior-manager-operational-excellence-advisory-dublincork"
"129","Lead Technical Reviewer","PA Consulting","Unknown","Job","https://www.consultancy.uk/jobs/38584/pa-consulting/lead-technical-reviewer"
"130","PH-4806; Senior Back End Developers","B2E Consulting","Unknown","Job","https://www.consultancy.uk/jobs/29319/b2e-consulting/ph-4806-senior-back-end-developers"
"131","Resource Co-ordinator","PA Consulting","Unknown","Job","https://www.consultancy.uk/jobs/39038/pa-consulting/resource-co-ordinator"
"132","CyberArk Architect - Manager","PwC","Unknown","Job","https://www.consultancy.uk/jobs/38092/pwc/cyberark-architect-manager"
"133","Senior Director | Industrials & Special Situations | Strategic Communications","FTI Consulting","Unknown","Job","https://www.consultancy.uk/jobs/35779/fti-consulting/senior-director-industrials-special-situations-strategic-communications"
"134","Senior DevOps Specialist","Valcon","Software","Job","https://www.consultancy.uk/jobs/35960/valcon/senior-devops-specialist"
"135","Consultant / Senior Consultant - DevOps Architect - Business Technology (London/Manchester/Glasgow)","Capgemini Invent","IT Strategy","Job","https://www.consultancy.uk/jobs/40068/capgemini-invent/consultant-senior-consultant-devops-architect-business-technology-londonmanchesterglasgow"
"136","Associate Director, Consulting Practice","Yonder Consulting","Strategy","Job","https://www.consultancy.uk/jobs/37405/yonder-consulting/associate-director-consulting-practice"
"137","MM-4817; Business Analysts, Fixed Voice IMS & Mobile","B2E Consulting","Mobile & Apps","Job","https://www.consultancy.uk/jobs/29340/b2e-consulting/mm-4817-business-analysts-fixed-voice-ims-mobile"
"138","Cloud Economics - Managing Consultant / Senior Manager (London/Manchester/Glasgow)","Capgemini Invent","Cloud","Job","https://www.consultancy.uk/jobs/39715/capgemini-invent/cloud-economics-managing-consultant-senior-manager-londonmanchesterglasgow"
"139","Supply Chain Manager - Advisory Consulting - Dublin","PwC","Supply Chain","Job","https://www.consultancy.uk/jobs/38996/pwc/supply-chain-manager-advisory-consulting-dublin"
"140","Full Stack Engineer","PA Consulting","Unknown","Job","https://www.consultancy.uk/jobs/39394/pa-consulting/full-stack-engineer"
"141","Senior Director | Analytics | Strategic Communications | London","FTI Consulting","Management","Job","https://www.consultancy.uk/jobs/35761/fti-consulting/senior-director-analytics-strategic-communications-london"
"142","Cyber | Azure IAM architect - Senior Manager","PwC","Cyber Security","Job","https://www.consultancy.uk/jobs/38089/pwc/cyber-azure-iam-architect-senior-manager"
"143","Physicist - Defence & Security","PA Consulting","Cyber Security","Job","https://www.consultancy.uk/jobs/39098/pa-consulting/physicist-defence-security"
"144","Cloud Strategy - Managing Consultant / Senior Manager (London/Manchester/Glasgow)","Capgemini Invent","Strategy","Job","https://www.consultancy.uk/jobs/39712/capgemini-invent/cloud-strategy-managing-consultant-senior-manager-londonmanchesterglasgow"
"145","Senior Consultant, Managed Document Review | Technology","FTI Consulting","IT Strategy","Job","https://www.consultancy.uk/jobs/35776/fti-consulting/senior-consultant-managed-document-review-technology"
"146","SAP Implementation Lead | Senior Manager | Technology Consulting | Advisory | Dublin/Cork","PwC","IT Strategy","Job","https://www.consultancy.uk/jobs/38017/pwc/sap-implementation-lead-senior-manager-technology-consulting-advisory-dublincork"
"147","Cloud Operating Model - Managing Consultant / Senior Manager (London/Manchester/Glasgow)","Capgemini Invent","Cloud","Job","https://www.consultancy.uk/jobs/39709/capgemini-invent/cloud-operating-model-managing-consultant-senior-manager-londonmanchesterglasgow"
"148","Senior Consultant I |Regulated Industries & Energy Markets| Economic & Financial Consulting","FTI Consulting","Unknown","Job","https://www.consultancy.uk/jobs/35743/fti-consulting/senior-consultant-i-regulated-industries-energy-markets-economic-financial-consulting"
"149","Full Stack Engineer","PA Consulting","Unknown","Job","https://www.consultancy.uk/jobs/39505/pa-consulting/full-stack-engineer"
"150","SAP Solution Architect | Senior Manager | Technology Consulting | Advisory | Dublin/Cork","PwC","IT Strategy","Job","https://www.consultancy.uk/jobs/38014/pwc/sap-solution-architect-senior-manager-technology-consulting-advisory-dublincork"
"151","Manager/Senior Manager - Energy & Utilities - Equipment & Asset Management Advisory","Capgemini Invent","Management","Job","https://www.consultancy.uk/jobs/39895/capgemini-invent/managersenior-manager-energy-utilities-equipment-asset-management-advisory"
"152","Third Party Risk Management Consultant","PA Consulting","Management","Job","https://www.consultancy.uk/jobs/38716/pa-consulting/third-party-risk-management-consultant"
"153","Director, Export Controls & Sanctions | Forensic & Litigation Consulting","FTI Consulting","Forensic & Litigation","Job","https://www.consultancy.uk/jobs/35740/fti-consulting/director-export-controls-sanctions-forensic-litigation-consulting"
"154","Technical Support Engineer | Technology","FTI Consulting","IT Strategy","Job","https://www.consultancy.uk/jobs/35758/fti-consulting/technical-support-engineer-technology"
"155","IT Strategy Consultant","PA Consulting","Strategy","Job","https://www.consultancy.uk/jobs/39391/pa-consulting/it-strategy-consultant"
"156","Manager/Senior Manager - Energy & Utilities - Digital Engineering (London/Manchester/Glasgow)","Capgemini Invent","Digital","Job","https://www.consultancy.uk/jobs/39898/capgemini-invent/managersenior-manager-energy-utilities-digital-engineering-londonmanchesterglasgow"
"157","Finance Transformation - Manager","PwC","Finance","Job","https://www.consultancy.uk/jobs/37429/pwc/finance-transformation-manager"
"158","Revenue Accountant | Finance & Accounting | Core Operations","FTI Consulting","Finance","Job","https://www.consultancy.uk/jobs/35713/fti-consulting/revenue-accountant-finance-accounting-core-operations"
"159","Finance Transformation - Senior Associate","PwC","Finance","Job","https://www.consultancy.uk/jobs/37426/pwc/finance-transformation-senior-associate"
"160","Digital Workplace - Low Code No Code Consultant (London/Manchester/Glasgow)","Capgemini Invent","Digital","Job","https://www.consultancy.uk/jobs/39179/capgemini-invent/digital-workplace-low-code-no-code-consultant-londonmanchesterglasgow"
"161","Solution Architect","PA Consulting","Unknown","Job","https://www.consultancy.uk/jobs/40020/pa-consulting/solution-architect"
"162","Advisory Senior Manager | Portfolio and Programme Management | Dublin/Cork","PwC","Management","Job","https://www.consultancy.uk/jobs/39577/pwc/advisory-senior-manager-portfolio-and-programme-management-dublincork"
"163","Senior Revenue Accountant | Finance & Accounting | Core Operations","FTI Consulting","Finance","Job","https://www.consultancy.uk/jobs/35719/fti-consulting/senior-revenue-accountant-finance-accounting-core-operations"
"164","Senior Manager - Energy & Utilities - Transformation (Digital Strategy/Platform Architecture)","Capgemini Invent","Unknown","Job","https://www.consultancy.uk/jobs/40505/capgemini-invent/senior-manager-energy-utilities-transformation-digital-strategyplatform-architecture"
"165","AWS Engineer","PA Consulting","Unknown","Job","https://www.consultancy.uk/jobs/40017/pa-consulting/aws-engineer"
"166","Consultant | Industrials & Special Situations | Strategic Communications","FTI Consulting","Unknown","Job","https://www.consultancy.uk/jobs/35773/fti-consulting/consultant-industrials-special-situations-strategic-communications"
"167","GCP-Cloud Architect","PA Consulting","Unknown","Job","https://www.consultancy.uk/jobs/40008/pa-consulting/gcp-cloud-architect"
"168","Manager/Senior Manager - Energy & Utilities - Customer Experience (London/Manchester/Glasgow)","Capgemini Invent","Unknown","Job","https://www.consultancy.uk/jobs/40502/capgemini-invent/managersenior-manager-energy-utilities-customer-experience-londonmanchesterglasgow"
"169","Financial Services Advisory | Senior Associate | Banking (Risk)","PwC","Unknown","Job","https://www.consultancy.uk/jobs/37349/pwc/financial-services-advisory-senior-associate-banking-risk"
"170","Manager/Senior Manager - Energy & Utilities - Sector Transformation","Capgemini Invent","Unknown","Job","https://www.consultancy.uk/jobs/39877/capgemini-invent/managersenior-manager-energy-utilities-sector-transformation"
"171","Financial Services Advisory | Senior Associate | Banking (Digital Banking)","PwC","Unknown","Job","https://www.consultancy.uk/jobs/37346/pwc/financial-services-advisory-senior-associate-banking-digital-banking"
"172","Data Scientist","PA Consulting","Data Science","Job","https://www.consultancy.uk/jobs/40083/pa-consulting/data-scientist"
"173","Team Assistant | Regional Leads | Core Operations","FTI Consulting","Unknown","Job","https://www.consultancy.uk/jobs/35698/fti-consulting/team-assistant-regional-leads-core-operations"
"174","Hardware Engineer","PA Consulting","Unknown","Job","https://www.consultancy.uk/jobs/40119/pa-consulting/hardware-engineer"
"175","Consultant - Valuations, Disputes and Arbitration | Energy |Economic and Financial Consulting","FTI Consulting","Management","Job","https://www.consultancy.uk/jobs/35716/fti-consulting/consultant-valuations-disputes-and-arbitration-energy-economic-and-financial-consulting"
"176","Financial Services Advisory | Senior Associate | Banking (Retail Banking Operations)","PwC","Unknown","Job","https://www.consultancy.uk/jobs/37328/pwc/financial-services-advisory-senior-associate-banking-retail-banking-operations"
"177","Consultant / Senior Consultant - Digital Business Architect (London/Manchester/Glasgow)","Capgemini Invent","Digital","Job","https://www.consultancy.uk/jobs/40059/capgemini-invent/consultant-senior-consultant-digital-business-architect-londonmanchesterglasgow"
"178","Financial Services Advisory | Manager | Banking (Risk)","PwC","Unknown","Job","https://www.consultancy.uk/jobs/37325/pwc/financial-services-advisory-manager-banking-risk"
"179","Benefits Advisor | Human Resources | Core Operations","FTI Consulting","Human Resources","Job","https://www.consultancy.uk/jobs/35755/fti-consulting/benefits-advisor-human-resources-core-operations"
"180","AWS Alliance Manager","PA Consulting","Unknown","Job","https://www.consultancy.uk/jobs/40110/pa-consulting/aws-alliance-manager"
"181","DevOps Engineer Consultant (London/Manchester/Glasgow)","Capgemini Invent","Software","Job","https://www.consultancy.uk/jobs/40089/capgemini-invent/devops-engineer-consultant-londonmanchesterglasgow"
"182","Software Engineer - C ++","PA Consulting","Software","Job","https://www.consultancy.uk/jobs/40122/pa-consulting/software-engineer-c"
"183","Financial Services Advisory | Manager | Banking (Transaction Enablement and Migration)","PwC","Unknown","Job","https://www.consultancy.uk/jobs/37319/pwc/financial-services-advisory-manager-banking-transaction-enablement-and-migration"
"184","Service Designer - Digital Factory (London/Manchester/Glasgow)","Capgemini Invent","Digital","Job","https://www.consultancy.uk/jobs/39619/capgemini-invent/service-designer-digital-factory-londonmanchesterglasgow"
"185","Marketing Executive | Forensic & Litigation Consulting","FTI Consulting","Marketing","Job","https://www.consultancy.uk/jobs/35803/fti-consulting/marketing-executive-forensic-litigation-consulting"
"186","Cloud Operating Model - Consultant / Senior Consultant (London/Manchester/Glasgow)","Capgemini Invent","Cloud","Job","https://www.consultancy.uk/jobs/39760/capgemini-invent/cloud-operating-model-consultant-senior-consultant-londonmanchesterglasgow"
"187","PR Manager","PA Consulting","Unknown","Job","https://www.consultancy.uk/jobs/40140/pa-consulting/pr-manager"
"188","Financial Services Advisory | Manager | Banking (Corporate Banking Operations)","PwC","Unknown","Job","https://www.consultancy.uk/jobs/37340/pwc/financial-services-advisory-manager-banking-corporate-banking-operations"
"189","Executive Assistant, Business Transformation, London","FTI Consulting","Unknown","Job","https://www.consultancy.uk/jobs/35704/fti-consulting/executive-assistant-business-transformation-london"
"190","Cloud Economics - Consultant / Senior Consultant (London/Manchester/Glasgow)","Capgemini Invent","Cloud","Job","https://www.consultancy.uk/jobs/39757/capgemini-invent/cloud-economics-consultant-senior-consultant-londonmanchesterglasgow"
"191","Director, Managed Document Review | Technology","FTI Consulting","IT Strategy","Job","https://www.consultancy.uk/jobs/35707/fti-consulting/director-managed-document-review-technology"
"192","Finance Associate - Accounts Payable, 12 month contract","PA Consulting","Finance","Job","https://www.consultancy.uk/jobs/40143/pa-consulting/finance-associate-accounts-payable-12-month-contract"
"193","Advisory - Asset & Wealth Management - Senior Manager","PwC","Management","Job","https://www.consultancy.uk/jobs/36652/pwc/advisory-asset-wealth-management-senior-manager"
"194","Strategy& - Strategy Senior Manager I Dublin","PwC","Strategy","Job","https://www.consultancy.uk/jobs/35794/pwc/strategy-strategy-senior-manager-i-dublin"
"195","EMEA Benefits Manager | Human Resources | Core Operations","FTI Consulting","Human Resources","Job","https://www.consultancy.uk/jobs/35656/fti-consulting/emea-benefits-manager-human-resources-core-operations"
"196","Cloud Strategy - Consultant / Senior Consultant (London/Manchester/Glasgow)","Capgemini Invent","Strategy","Job","https://www.consultancy.uk/jobs/39763/capgemini-invent/cloud-strategy-consultant-senior-consultant-londonmanchesterglasgow"
"197","Lead Software Engineer","PA Consulting","Software","Job","https://www.consultancy.uk/jobs/40149/pa-consulting/lead-software-engineer"
"198","Manager/Senior Manager - Energy & Utilities - Water (London/Manchester/Glasgow)","Capgemini Invent","Unknown","Job","https://www.consultancy.uk/jobs/39871/capgemini-invent/managersenior-manager-energy-utilities-water-londonmanchesterglasgow"
"199","Senior Consultant, Transaction Advisory Services | Corporate Finance & Restructuring","FTI Consulting","Corporate Finance","Job","https://www.consultancy.uk/jobs/35638/fti-consulting/senior-consultant-transaction-advisory-services-corporate-finance-restructuring"
"200","Dynamics 365 CRM Developer","PA Consulting","CRM","Job","https://www.consultancy.uk/jobs/40167/pa-consulting/dynamics-365-crm-developer"
"201","Cloud Security Senior Manager | Cyber Advisory | Dublin or Cork","PwC","Cyber Security","Job","https://www.consultancy.uk/jobs/35924/pwc/cloud-security-senior-manager-cyber-advisory-dublin-or-cork"
"202","Commercial & Procurement Specialist","PA Consulting","Procurement","Job","https://www.consultancy.uk/jobs/40023/pa-consulting/commercial-procurement-specialist"
"203","Financial Services - Advisory | Senior Manager | Dublin or Cork","PwC","Unknown","Job","https://www.consultancy.uk/jobs/35800/pwc/financial-services-advisory-senior-manager-dublin-or-cork"
"204","Content Designer - Digital Factory (London/Manchester/Glasgow)","Capgemini Invent","Digital","Job","https://www.consultancy.uk/jobs/39382/capgemini-invent/content-designer-digital-factory-londonmanchesterglasgow"
"205","HR Business Partner (15 month FTC maternity cover)","FTI Consulting","Human Resources","Job","https://www.consultancy.uk/jobs/35635/fti-consulting/hr-business-partner-15-month-ftc-maternity-cover"
"206","AWS DevOps Engineer","PA Consulting","Software","Job","https://www.consultancy.uk/jobs/40176/pa-consulting/aws-devops-engineer"
"207","Senior Director | Sustainability Communications | Strategic Communications | London","FTI Consulting","Unknown","Job","https://www.consultancy.uk/jobs/35614/fti-consulting/senior-director-sustainability-communications-strategic-communications-london"
"208","Manager/Senior Manager - Energy & Utilities - Water (Glasgow)","Capgemini Invent","Unknown","Job","https://www.consultancy.uk/jobs/40499/capgemini-invent/managersenior-manager-energy-utilities-water-glasgow"
"209","Specialist - Advisory Operate - Dublin/Cork, Ireland","PwC","Unknown","Job","https://www.consultancy.uk/jobs/32714/pwc/specialist-advisory-operate-dublincork-ireland"
"210","Executive Assistant (9-month Fixed Term Maternity Contract) | Financial & Professional Services | Strategic Communications","FTI Consulting","Management","Job","https://www.consultancy.uk/jobs/35770/fti-consulting/executive-assistant-9-month-fixed-term-maternity-contract-financial-professional-services-strategic-communications"
"211","AWS Engineer","PA Consulting","Unknown","Job","https://www.consultancy.uk/jobs/39847/pa-consulting/aws-engineer"
"212","Technical Business Analyst | Senior Associate | Technology Consulting | Advisory Dublin/Cork","PwC","IT Strategy","Job","https://www.consultancy.uk/jobs/33179/pwc/technical-business-analyst-senior-associate-technology-consulting-advisory-dublincork"
"213","Full Stack Engineer Consultant (London/Manchester/Glasgow)","Capgemini Invent","Unknown","Job","https://www.consultancy.uk/jobs/39526/capgemini-invent/full-stack-engineer-consultant-londonmanchesterglasgow"
"214","Senior Legal Counsel | Legal & Risk | Core Operations","FTI Consulting","Risk & Compliance","Job","https://www.consultancy.uk/jobs/35611/fti-consulting/senior-legal-counsel-legal-risk-core-operations"
"215","Management Consultant -Retail Commercial Transformation - London/Manchester/Glasgow","Capgemini Invent","Management","Job","https://www.consultancy.uk/jobs/40128/capgemini-invent/management-consultant-retail-commercial-transformation-londonmanchesterglasgow"
"216","AWS Data Engineer","PA Consulting","Data Science","Job","https://www.consultancy.uk/jobs/40242/pa-consulting/aws-data-engineer"
"217","Technology Consulting | Senior Associate | Advisory | Dublin/Cork","PwC","IT Strategy","Job","https://www.consultancy.uk/jobs/32652/pwc/technology-consulting-senior-associate-advisory-dublincork"
"218","GCP Cloud Architect","PA Consulting","Cloud","Job","https://www.consultancy.uk/jobs/39673/pa-consulting/gcp-cloud-architect"
"219","Legal Counsel (12 month FTC)| Legal & Risk | Core Operations","FTI Consulting","Risk & Compliance","Job","https://www.consultancy.uk/jobs/35608/fti-consulting/legal-counsel-12-month-ftc-legal-risk-core-operations"
"220","Technology Consulting | Senior Associate, Manager & Senior Manager | Advisory | Cork","PwC","IT Strategy","Job","https://www.consultancy.uk/jobs/32253/pwc/technology-consulting-senior-associate-manager-senior-manager-advisory-cork"
"221","Senior Support Enginner","PA Consulting","Unknown","Job","https://www.consultancy.uk/jobs/40239/pa-consulting/senior-support-enginner"
"222","Sustainable Finance Regulation Implementation | Manager Consulting | Dublin or Cork","PwC","Finance","Job","https://www.consultancy.uk/jobs/31243/pwc/sustainable-finance-regulation-implementation-manager-consulting-dublin-or-cork"
"223","Director, Forensic Accounting Advisory Services | Forensic and Litigation Consulting","FTI Consulting","Forensic & Litigation","Job","https://www.consultancy.uk/jobs/35632/fti-consulting/director-forensic-accounting-advisory-services-forensic-and-litigation-consulting"
"224","Supply Chain Senior Manager | Advisory Consulting | Dublin/Cork","PwC","Supply Chain","Job","https://www.consultancy.uk/jobs/31231/pwc/supply-chain-senior-manager-advisory-consulting-dublincork"
"225","Senior Consultant | Forensic Accounting Advisory Services | Forensic & Litigation Consulting","FTI Consulting","Forensic & Litigation","Job","https://www.consultancy.uk/jobs/35629/fti-consulting/senior-consultant-forensic-accounting-advisory-services-forensic-litigation-consulting"
"226","DevOps Engineer","PA Consulting","Software","Job","https://www.consultancy.uk/jobs/39948/pa-consulting/devops-engineer"
"227","Director | Financial Services, Strategic Communications","FTI Consulting","Unknown","Job","https://www.consultancy.uk/jobs/35602/fti-consulting/director-financial-services-strategic-communications"
"228","Advisory Senior Associates | Portfolio and Programme Management Dublin","PwC","Management","Job","https://www.consultancy.uk/jobs/31225/pwc/advisory-senior-associates-portfolio-and-programme-management-dublin"
"229","QA Engineer","PA Consulting","Unknown","Job","https://www.consultancy.uk/jobs/38377/pa-consulting/qa-engineer"
"230","Technology Solution Architect | Manager | Advisory Consulting - Dublin/Cork","PwC","IT Strategy","Job","https://www.consultancy.uk/jobs/31213/pwc/technology-solution-architect-manager-advisory-consulting-dublincork"
"231","Marketing Executive | Communications & Marketing | Core Operations","FTI Consulting","Marketing","Job","https://www.consultancy.uk/jobs/35605/fti-consulting/marketing-executive-communications-marketing-core-operations"
"232","Lead Software Engineer","PA Consulting","Software","Job","https://www.consultancy.uk/jobs/40137/pa-consulting/lead-software-engineer"
"233","Support Engineer","PA Consulting","Unknown","Job","https://www.consultancy.uk/jobs/40236/pa-consulting/support-engineer"
"234","Consultant | Financial Services, Strategic Communications","FTI Consulting","Unknown","Job","https://www.consultancy.uk/jobs/35599/fti-consulting/consultant-financial-services-strategic-communications"
"235","Pre-Sales Application Engineer","PA Consulting","Unknown","Job","https://www.consultancy.uk/jobs/40251/pa-consulting/pre-sales-application-engineer"
"236","Consultant | Energy | Strategic Communications","FTI Consulting","Management","Job","https://www.consultancy.uk/jobs/35590/fti-consulting/consultant-energy-strategic-communications"
"237","Consultant | Technology, Media & Telecom, Strategic Communications","FTI Consulting","Unknown","Job","https://www.consultancy.uk/jobs/35581/fti-consulting/consultant-technology-media-telecom-strategic-communications"
"238","MC - AWS Pre-Sales - Alliance","PA Consulting","Unknown","Job","https://www.consultancy.uk/jobs/40269/pa-consulting/mc-aws-pre-sales-alliance"
"239","Consultant - Economics, Econometrics and Disputes | Economic & Financial Consulting","FTI Consulting","Unknown","Job","https://www.consultancy.uk/jobs/35584/fti-consulting/consultant-economics-econometrics-and-disputes-economic-financial-consulting"
"240","IT Sourcing Consultant","PA Consulting","Procurement","Job","https://www.consultancy.uk/jobs/40248/pa-consulting/it-sourcing-consultant"
"241","MC - Intellectual Property Advisory - Networks","PA Consulting","Property Management","Job","https://www.consultancy.uk/jobs/40263/pa-consulting/mc-intellectual-property-advisory-networks"
"242","Executive Assistant (12 Months FTC)| People and Transformation, Strategic Communications","FTI Consulting","Management","Job","https://www.consultancy.uk/jobs/35578/fti-consulting/executive-assistant-12-months-ftc-people-and-transformation-strategic-communications"
"243","Director | Financial Services, Strategic Communications","FTI Consulting","Unknown","Job","https://www.consultancy.uk/jobs/35575/fti-consulting/director-financial-services-strategic-communications"
"244","Operational Resilience Consultant - Financial Services","PA Consulting","Unknown","Job","https://www.consultancy.uk/jobs/38710/pa-consulting/operational-resilience-consultant-financial-services"
"245","Senior HR Advisor | Human Resources | Core Operations","FTI Consulting","Human Resources","Job","https://www.consultancy.uk/jobs/35572/fti-consulting/senior-hr-advisor-human-resources-core-operations"
"246","Cloud security Architect","PA Consulting","Cyber Security","Job","https://www.consultancy.uk/jobs/39688/pa-consulting/cloud-security-architect"
"247","Lead Software Engineer","PA Consulting","Software","Job","https://www.consultancy.uk/jobs/40146/pa-consulting/lead-software-engineer"
"248","Executive Assistant (12 months fixed term contract)| Economic and Financial Consulting","FTI Consulting","Unknown","Job","https://www.consultancy.uk/jobs/35566/fti-consulting/executive-assistant-12-months-fixed-term-contract-economic-and-financial-consulting"
"249","Digital Campaigns and Social Media Lead","PA Consulting","Digital","Job","https://www.consultancy.uk/jobs/39939/pa-consulting/digital-campaigns-and-social-media-lead"
"250","Senior Advisor | Human Resources | Core Operations","FTI Consulting","Human Resources","Job","https://www.consultancy.uk/jobs/35569/fti-consulting/senior-advisor-human-resources-core-operations"
"251","Data Privacy Specialist","PA Consulting","Data Science","Job","https://www.consultancy.uk/jobs/38512/pa-consulting/data-privacy-specialist"
"252","Consultant | Financial Services, Strategic Communications","FTI Consulting","Unknown","Job","https://www.consultancy.uk/jobs/35563/fti-consulting/consultant-financial-services-strategic-communications"
"253","Senior Consultant, e-Discovery | Technology","FTI Consulting","IT Strategy","Job","https://www.consultancy.uk/jobs/35560/fti-consulting/senior-consultant-e-discovery-technology"
"254","DevOps Engineer","PA Consulting","Software","Job","https://www.consultancy.uk/jobs/40278/pa-consulting/devops-engineer"
"255","Workday HCM Lead","PA Consulting","Human Resources","Job","https://www.consultancy.uk/jobs/40293/pa-consulting/workday-hcm-lead"
"256","Senior Consultant, Restructuring Tax","FTI Consulting","Restructuring","Job","https://www.consultancy.uk/jobs/35551/fti-consulting/senior-consultant-restructuring-tax"
"257","Consultant/Senior Consultant, Data Science","FTI Consulting","Management","Job","https://www.consultancy.uk/jobs/35548/fti-consulting/consultantsenior-consultant-data-science"
"258","Customer Success & Support Manager","PA Consulting","Unknown","Job","https://www.consultancy.uk/jobs/40299/pa-consulting/customer-success-support-manager"
"259","Senior Director | ESG, Strategic Communications","FTI Consulting","Unknown","Job","https://www.consultancy.uk/jobs/34989/fti-consulting/senior-director-esg-strategic-communications"
"260","Service Desk Analyst","PA Consulting","Unknown","Job","https://www.consultancy.uk/jobs/40320/pa-consulting/service-desk-analyst"
"261","Project Assistant, Business Intelligence | Forensic & Litigation Consulting","FTI Consulting","Forensic & Litigation","Job","https://www.consultancy.uk/jobs/35737/fti-consulting/project-assistant-business-intelligence-forensic-litigation-consulting"
"262","Sourcing and Procurement Consultant","PA Consulting","Procurement","Job","https://www.consultancy.uk/jobs/40329/pa-consulting/sourcing-and-procurement-consultant"
"263","Accounts Assistant","PA Consulting","Unknown","Job","https://www.consultancy.uk/jobs/40041/pa-consulting/accounts-assistant"
"264","Senior Consultant/Consultant - Valuations, Disputes and Arbitration | Economic and Financial Consulting","FTI Consulting","Unknown","Job","https://www.consultancy.uk/jobs/34883/fti-consulting/senior-consultantconsultant-valuations-disputes-and-arbitration-economic-and-financial-consulting"
"265","UX/UI Designer","PA Consulting","Unknown","Job","https://www.consultancy.uk/jobs/40359/pa-consulting/uxui-designer"
"266","Consultant - Valuations, Disputes and Arbitration | Economic and Financial Consulting","FTI Consulting","Unknown","Job","https://www.consultancy.uk/jobs/34880/fti-consulting/consultant-valuations-disputes-and-arbitration-economic-and-financial-consulting"
"267","Lead UX/UI Designer","PA Consulting","Unknown","Job","https://www.consultancy.uk/jobs/40356/pa-consulting/lead-uxui-designer"
"268","Global Data Privacy Director","FTI Consulting","Data Science","Job","https://www.consultancy.uk/jobs/34877/fti-consulting/global-data-privacy-director"
"269","Senior/Principal Fraud Consultant","PA Consulting","Unknown","Job","https://www.consultancy.uk/jobs/40377/pa-consulting/seniorprincipal-fraud-consultant"
"270","Manager, Risk and Compliance | Legal |Core Operations","FTI Consulting","Risk & Compliance","Job","https://www.consultancy.uk/jobs/34808/fti-consulting/manager-risk-and-compliance-legal-core-operations"
"271","Senior Consultant, Life Actuarial Consulting | Forensic & Litigation Consulting","FTI Consulting","Forensic & Litigation","Job","https://www.consultancy.uk/jobs/34614/fti-consulting/senior-consultant-life-actuarial-consulting-forensic-litigation-consulting"
"272","Hydrogen Technology Expert","PA Consulting","IT Strategy","Job","https://www.consultancy.uk/jobs/40374/pa-consulting/hydrogen-technology-expert"
"273","Director, Digital Forensics | Technology","FTI Consulting","Digital","Job","https://www.consultancy.uk/jobs/34599/fti-consulting/director-digital-forensics-technology"
"274","Global Performance Appraisal Specialist","PA Consulting","Performance Management","Job","https://www.consultancy.uk/jobs/40391/pa-consulting/global-performance-appraisal-specialist"
"275","Penetration Tester","PA Consulting","Unknown","Job","https://www.consultancy.uk/jobs/40388/pa-consulting/penetration-tester"
"276","Consultant | Digital and Insights | Strategic Communications","FTI Consulting","Digital","Job","https://www.consultancy.uk/jobs/34542/fti-consulting/consultant-digital-and-insights-strategic-communications"
"277","Senior Recruiter | Core Operations","FTI Consulting","Unknown","Job","https://www.consultancy.uk/jobs/35695/fti-consulting/senior-recruiter-core-operations"
"278","Penetration Tester","PA Consulting","Unknown","Job","https://www.consultancy.uk/jobs/40385/pa-consulting/penetration-tester"
"279","Corporate Accountant, Finance & Accounting | Core Operations","FTI Consulting","Management","Job","https://www.consultancy.uk/jobs/34512/fti-consulting/corporate-accountant-finance-accounting-core-operations"
"280","Senior Financial Crime Transformation Consultant","PA Consulting","Unknown","Job","https://www.consultancy.uk/jobs/40382/pa-consulting/senior-financial-crime-transformation-consultant"
"281","EMEA Senior Recruiter | Core Ops","FTI Consulting","Unknown","Job","https://www.consultancy.uk/jobs/34485/fti-consulting/emea-senior-recruiter-core-ops"
"282","Digital Delivery Lead","PA Consulting","Digital","Job","https://www.consultancy.uk/jobs/40403/pa-consulting/digital-delivery-lead"
"283","Lead Sourcing Specialist (Talent Acquisition)","FTI Consulting","Procurement","Job","https://www.consultancy.uk/jobs/34407/fti-consulting/lead-sourcing-specialist-talent-acquisition"
"284","AWS DevOps Engineer","PA Consulting","Software","Job","https://www.consultancy.uk/jobs/40400/pa-consulting/aws-devops-engineer"
"285","Java Engineer","PA Consulting","Software","Job","https://www.consultancy.uk/jobs/39990/pa-consulting/java-engineer"
"286","Real Estate Tax Advisory, Senior Consultant","FTI Consulting","Management","Job","https://www.consultancy.uk/jobs/33990/fti-consulting/real-estate-tax-advisory-senior-consultant"
"287","Director, Digital Science | Corporate Finance & Restructuring","FTI Consulting","Corporate Finance","Job","https://www.consultancy.uk/jobs/35536/fti-consulting/director-digital-science-corporate-finance-restructuring"
"288","AWS Engineer","PA Consulting","Unknown","Job","https://www.consultancy.uk/jobs/40394/pa-consulting/aws-engineer"
"289","Managing Director Digital Delivery/Transformation | Corporate Finance & Restructuring","FTI Consulting","Corporate Finance","Job","https://www.consultancy.uk/jobs/33747/fti-consulting/managing-director-digital-deliverytransformation-corporate-finance-restructuring"
"290","Java Engineer","PA Consulting","Software","Job","https://www.consultancy.uk/jobs/40397/pa-consulting/java-engineer"
"291","Conduct Risk Consultant – Risk & Regulation","PA Consulting","Risk & Compliance","Job","https://www.consultancy.uk/jobs/39667/pa-consulting/conduct-risk-consultant-risk-regulation"
"292","Managing Director | Forensic Accounting & Advisory Services, Forensic & Litigation Consulting","FTI Consulting","Management","Job","https://www.consultancy.uk/jobs/33567/fti-consulting/managing-director-forensic-accounting-advisory-services-forensic-litigation-consulting"
"293","HR Business Partner, Human Resources | Core Operations","FTI Consulting","Human Resources","Job","https://www.consultancy.uk/jobs/33708/fti-consulting/hr-business-partner-human-resources-core-operations"
"294","Financial Crime Technology Consultant","PA Consulting","IT Strategy","Job","https://www.consultancy.uk/jobs/40415/pa-consulting/financial-crime-technology-consultant"
"295","Software Development Consultant Apprentice","PA Consulting","Software","Job","https://www.consultancy.uk/jobs/40332/pa-consulting/software-development-consultant-apprentice"
"296","Senior Consultant | Capital Markets |Economic and Financial Consulting","FTI Consulting","Unknown","Job","https://www.consultancy.uk/jobs/33537/fti-consulting/senior-consultant-capital-markets-economic-and-financial-consulting"
"297","Consultant | Capital Markets | Economic and Financial Consulting","FTI Consulting","Unknown","Job","https://www.consultancy.uk/jobs/33534/fti-consulting/consultant-capital-markets-economic-and-financial-consulting"
"298","Managing Consultant - Financial Services - Insurance (non-Life)","PA Consulting","Unknown","Job","https://www.consultancy.uk/jobs/40430/pa-consulting/managing-consultant-financial-services-insurance-non-life"
"299","Managing Consultant - Financial Services - Life and Pensions","PA Consulting","Unknown","Job","https://www.consultancy.uk/jobs/40427/pa-consulting/managing-consultant-financial-services-life-and-pensions"
"300","VAT Director/Senior Director (Full-time/Part-time)","FTI Consulting","Unknown","Job","https://www.consultancy.uk/jobs/35677/fti-consulting/vat-directorsenior-director-full-timepart-time"
"301","Senior Technical Project Administrator","PA Consulting","Unknown","Job","https://www.consultancy.uk/jobs/40445/pa-consulting/senior-technical-project-administrator"
"302","Director, Clean Energy | Corporate Finance & Restructuring","FTI Consulting","Corporate Finance","Job","https://www.consultancy.uk/jobs/32628/fti-consulting/director-clean-energy-corporate-finance-restructuring"
"303","Senior Consultant - People and Change - Defence & Security","PA Consulting","Human Resources","Job","https://www.consultancy.uk/jobs/40433/pa-consulting/senior-consultant-people-and-change-defence-security"
"304","Finance Manager, LLP Accounting | Core Operations","FTI Consulting","Finance","Job","https://www.consultancy.uk/jobs/34506/fti-consulting/finance-manager-llp-accounting-core-operations"
"305","Project, Programme and Portfolio Managers and Business Case Experts - PST","PA Consulting","Unknown","Job","https://www.consultancy.uk/jobs/39993/pa-consulting/project-programme-and-portfolio-managers-and-business-case-experts-pst"
"306","Senior Director, Transaction Advisory Services | Corporate Finance & Restructuring","FTI Consulting","Corporate Finance","Job","https://www.consultancy.uk/jobs/33212/fti-consulting/senior-director-transaction-advisory-services-corporate-finance-restructuring"
"307","Senior Consultant | Analytics | Strategic Communications","FTI Consulting","Data Science","Job","https://www.consultancy.uk/jobs/32619/fti-consulting/senior-consultant-analytics-strategic-communications"
"308","QA Engineer","PA Consulting","Unknown","Job","https://www.consultancy.uk/jobs/39595/pa-consulting/qa-engineer"
"309","Senior Director | Data Science | Strategic Communications","FTI Consulting","Data Science","Job","https://www.consultancy.uk/jobs/32616/fti-consulting/senior-director-data-science-strategic-communications"
"310","Executive Assistant - Temp to Perm","PA Consulting","Unknown","Job","https://www.consultancy.uk/jobs/40457/pa-consulting/executive-assistant-temp-to-perm"
"311","Agile Consultant - Lean Portfolio Management","PA Consulting","Management","Job","https://www.consultancy.uk/jobs/40463/pa-consulting/agile-consultant-lean-portfolio-management"
"312","Legal Counsel EMEA, Legal & Risk | Core Operations","FTI Consulting","Management","Job","https://www.consultancy.uk/jobs/35533/fti-consulting/legal-counsel-emea-legal-risk-core-operations"
"313","Systems Engineering Consultant","PA Consulting","Unknown","Job","https://www.consultancy.uk/jobs/39478/pa-consulting/systems-engineering-consultant"
"314","Senior Consultant (IT), Business Transformation | Corporate Finance & Restructuring","FTI Consulting","Management","Job","https://www.consultancy.uk/jobs/31117/fti-consulting/senior-consultant-it-business-transformation-corporate-finance-restructuring"
"315","International/Corporate Tax, Senior Director","FTI Consulting","Management","Job","https://www.consultancy.uk/jobs/34347/fti-consulting/internationalcorporate-tax-senior-director"
"316","Java Engineer","PA Consulting","Software","Job","https://www.consultancy.uk/jobs/40460/pa-consulting/java-engineer"
"317","Commercial Finance Project Administrator","PA Consulting","Finance","Job","https://www.consultancy.uk/jobs/40496/pa-consulting/commercial-finance-project-administrator"
"318","Consultant, Business Transformation | Corporate Finance & Restructuring","FTI Consulting","Management","Job","https://www.consultancy.uk/jobs/31105/fti-consulting/consultant-business-transformation-corporate-finance-restructuring"
"319","AWS Analytics and Machine Learning Engineer","PA Consulting","Human Resources","Job","https://www.consultancy.uk/jobs/40493/pa-consulting/aws-analytics-and-machine-learning-engineer"
"320","Commercial Finance Project Administrator","PA Consulting","Finance","Job","https://www.consultancy.uk/jobs/40487/pa-consulting/commercial-finance-project-administrator"
"321","Data Scientist Consultant","PA Consulting","Data Science","Job","https://www.consultancy.uk/jobs/40511/pa-consulting/data-scientist-consultant"
"322","Group Financial Accountant","PA Consulting","Unknown","Job","https://www.consultancy.uk/jobs/40508/pa-consulting/group-financial-accountant"
"323","Enterprise Solutions Director","PA Consulting","Unknown","Job","https://www.consultancy.uk/jobs/40513/pa-consulting/enterprise-solutions-director"
"324","Cloud Security Controls Expert","PA Consulting","Cyber Security","Job","https://www.consultancy.uk/jobs/38990/pa-consulting/cloud-security-controls-expert"
"325","Senior Data Analyst","PA Consulting","Data Science","Job","https://www.consultancy.uk/jobs/40525/pa-consulting/senior-data-analyst"
"326","Data Manager Consultant","PA Consulting","Data Science","Job","https://www.consultancy.uk/jobs/40519/pa-consulting/data-manager-consultant"
"327","Senior Data Strategist","PA Consulting","Data Science","Job","https://www.consultancy.uk/jobs/40522/pa-consulting/senior-data-strategist"
"328","Commercial Finance Project Administrator (FTC)","PA Consulting","Finance","Job","https://www.consultancy.uk/jobs/40490/pa-consulting/commercial-finance-project-administrator-ftc"
"329","Systems Architect","PA Consulting","Unknown","Job","https://www.consultancy.uk/jobs/39963/pa-consulting/systems-architect"
"330","Employment Tax Manager","PA Consulting","Finance","Job","https://www.consultancy.uk/jobs/40528/pa-consulting/employment-tax-manager"
"331","AWS Data Engineer","PA Consulting","Data Science","Job","https://www.consultancy.uk/jobs/38497/pa-consulting/aws-data-engineer"
"332","Operational Technology Cyber Security Consultant","PA Consulting","IT Strategy","Job","https://www.consultancy.uk/jobs/38470/pa-consulting/operational-technology-cyber-security-consultant"
"333","Principal Data Strategist Consultant","PA Consulting","Data Science","Job","https://www.consultancy.uk/jobs/40537/pa-consulting/principal-data-strategist-consultant"
"334","Senior Data Manager","PA Consulting","Data Science","Job","https://www.consultancy.uk/jobs/40534/pa-consulting/senior-data-manager"
"335","Data Analyst Consultant","PA Consulting","Data Science","Job","https://www.consultancy.uk/jobs/40531/pa-consulting/data-analyst-consultant"
